Symbol,Ex-Div Date,Record Date,Pay Date,Frequency,Amount,Adj. Amount
SPY,2021-12-17,2021-12-20,2022-01-31,Quarterly,1.6364,1.6364
SPY,2021-09-17,2021-09-20,2021-10-29,Quarterly,1.4281,1.4281
SPY,2021-06-18,2021-06-21,2021-07-30,Quarterly,1.3759,1.3759
SPY,2021-03-19,2021-03-22,2021-04-30,Quarterly,1.2778,1.2778
SPY,2020-12-18,2020-12-21,2021-01-29,Quarterly,1.58,1.58
SPY,2020-09-18,2020-09-21,2020-10-30,Quarterly,1.3392,1.3392
SPY,2020-06-19,2020-06-22,2020-07-31,Quarterly,1.3662,1.3662
SPY,2020-03-20,2020-03-23,2020-04-30,Quarterly,1.4056,1.4056
SPY,2019-12-20,2019-12-23,2020-01-31,Quarterly,1.57,1.57
SPY,2019-09-20,2019-09-23,2019-10-31,Quarterly,1.3836,1.3836
SPY,2019-06-21,2019-06-24,2019-07-31,Quarterly,1.4316,1.4316
SPY,2019-03-15,2019-03-18,2019-04-30,Quarterly,1.2331,1.2331
SPY,2018-12-21,2018-12-24,2019-01-31,Quarterly,1.4354,1.4354
SPY,2018-09-21,2018-09-24,2018-10-31,Quarterly,1.3226,1.3226
SPY,2018-06-15,2018-06-18,2018-07-31,Quarterly,1.2456,1.2456
SPY,2018-03-16,2018-03-19,2018-04-30,Quarterly,1.0968,1.0968
SPY,2017-12-15,2017-12-18,2018-01-31,Quarterly,1.3513,1.3513
SPY,2017-09-15,2017-09-18,2017-10-31,Quarterly,1.2346,1.2346
SPY,2017-06-16,2017-06-20,2017-07-31,Quarterly,1.1831,1.1831
SPY,2017-03-17,2017-03-21,2017-04-28,Quarterly,1.0331,1.0331
SPY,2016-12-16,2016-12-20,2017-01-31,Quarterly,1.3289,1.3289
SPY,2016-09-16,2016-09-20,2016-10-31,Quarterly,1.0821,1.0821
SPY,2016-06-17,2016-06-21,2016-07-29,Quarterly,1.0784,1.0784
SPY,2016-03-18,2016-03-22,2016-04-29,Quarterly,1.0496,1.0496
SPY,2015-12-18,2015-12-22,2016-01-29,Quarterly,1.2115,1.2115
SPY,2015-09-18,2015-09-22,2015-10-30,Quarterly,1.0334,1.0334
SPY,2015-06-19,2015-06-23,2015-07-31,Quarterly,1.0301,1.0301
SPY,2015-03-20,2015-03-24,2015-04-30,Quarterly,0.9308,0.9308
SPY,2014-12-19,2014-12-23,2015-01-30,Quarterly,1.1349,1.1349
SPY,2014-09-19,2014-09-23,2014-10-31,Quarterly,0.9392,0.9392
SPY,2014-06-20,2014-06-24,2014-07-31,Quarterly,0.9367,0.9367
SPY,2014-03-21,2014-03-25,2014-04-30,Quarterly,0.8246,0.8246
SPY,2013-12-20,2013-12-24,2014-01-31,Quarterly,0.9802,0.9802
SPY,2013-09-20,2013-09-24,2013-10-31,Quarterly,0.8379,0.8379
SPY,2013-06-21,2013-06-25,2013-07-31,Quarterly,0.8391,0.8391
SPY,2013-03-15,2013-03-19,2013-04-30,Quarterly,0.6937,0.6937
SPY,2012-12-21,2012-12-26,2013-01-31,Quarterly,1.0218,1.0218
SPY,2012-09-21,2012-09-25,2012-10-31,Quarterly,0.7794,0.7794
SPY,2012-06-15,2012-06-19,2012-07-31,Quarterly,0.6883,0.6883
SPY,2012-03-16,2012-03-20,2012-04-30,Quarterly,0.6139,0.6139
SPY,2011-12-16,2011-12-20,2012-01-31,Quarterly,0.7701,0.7701
SPY,2011-09-16,2011-09-20,2011-10-31,Quarterly,0.625,0.625
SPY,2011-06-17,2011-06-21,2011-07-29,Quarterly,0.6276,0.6276
SPY,2011-03-18,2011-03-22,2011-04-29,Quarterly,0.5533,0.5533
SPY,2010-12-17,2010-12-21,2011-01-31,Quarterly,0.6528,0.6528
SPY,2010-09-17,2010-09-21,2010-10-29,Quarterly,0.6021,0.6021
SPY,2010-06-18,2010-06-22,2010-07-30,Quarterly,0.5313,0.5313
SPY,2010-03-19,2010-03-23,2010-04-30,Quarterly,0.4804,0.4804
SPY,2009-12-18,2009-12-22,2010-01-29,Quarterly,0.5902,0.5902
SPY,2009-09-18,2009-09-22,2009-10-30,Quarterly,0.5083,0.5083
SPY,2009-06-19,2009-06-23,2009-07-31,Quarterly,0.5182,0.5182
SPY,2009-03-20,2009-03-24,2009-04-30,Quarterly,0.5614,0.5614
SPY,2008-12-19,2008-12-23,2009-01-30,Quarterly,0.7193,0.7193
SPY,2008-09-19,2008-09-23,2008-10-31,Quarterly,0.6909,0.6909
SPY,2008-06-20,2008-06-24,2008-07-31,Quarterly,0.6692,0.6692
SPY,2008-03-20,2008-03-25,2008-04-30,Quarterly,0.642,0.642
SPY,2007-12-21,2007-12-26,2008-01-31,Quarterly,0.7754,0.7754
SPY,2007-09-21,2007-09-25,2007-10-31,Quarterly,0.7187,0.7187
SPY,2007-06-15,2007-06-19,2007-07-31,Quarterly,0.6556,0.6556
SPY,2007-03-16,2007-03-20,2007-04-30,Quarterly,0.5513,0.5513
SPY,2006-12-15,2006-12-19,2007-01-31,Quarterly,0.7926,0.7926
SPY,2006-09-15,2006-09-19,2006-10-31,Quarterly,0.5793,0.5793
SPY,2006-06-16,2006-06-20,2006-07-31,Quarterly,0.5555,0.5555
SPY,2006-03-17,2006-03-21,2006-04-28,Quarterly,0.5195,0.5195
SPY,2005-12-16,2005-12-20,2006-01-31,Quarterly,0.6717,0.6717
SPY,2005-09-16,2005-09-20,2005-10-31,Quarterly,0.5217,0.5217
SPY,2005-06-17,2005-06-21,2005-07-29,Quarterly,0.4876,0.4876
SPY,2005-03-18,2005-03-22,2005-04-29,Quarterly,0.4671,0.4671
SPY,2004-12-17,2004-12-21,2005-01-31,Quarterly,0.5679,0.5679
SPY,2004-11-15,2004-11-17,2004-12-02,Other,0.351,0.351
SPY,2004-09-17,2004-09-21,2004-10-29,Quarterly,0.4688,0.4688
SPY,2004-06-18,2004-06-22,2004-07-30,Quarterly,0.4138,0.4138
SPY,2004-03-19,2004-03-23,2004-04-30,Quarterly,0.3948,0.3948
SPY,2003-12-19,2003-12-23,2004-01-30,Quarterly,0.5156,0.5156
SPY,2003-09-19,2003-09-23,2003-10-31,Quarterly,0.4001,0.4001
SPY,2003-06-20,2003-06-24,2003-07-31,Quarterly,0.3603,0.3603
SPY,2003-03-21,2003-03-25,2003-04-30,Quarterly,0.3544,0.3544
SPY,2002-12-20,2002-12-24,2003-01-31,Quarterly,0.4358,0.4358
SPY,2002-09-20,2002-09-24,2002-10-31,Quarterly,0.3781,0.3781
SPY,2002-06-21,2002-06-25,2002-07-31,Quarterly,0.3534,0.3534
SPY,2002-03-15,2002-03-19,2002-04-30,Quarterly,0.331,0.331
SPY,2001-12-21,2001-12-26,2002-01-31,Quarterly,0.3928,0.3928
SPY,2001-09-21,2001-09-25,2001-10-31,Quarterly,0.369,0.369
SPY,2001-06-15,2001-06-19,2001-07-31,Quarterly,0.3464,0.3464
SPY,2001-03-16,2001-03-20,2001-04-30,Quarterly,0.3155,0.3155
SPY,2000-12-15,2000-12-19,2001-01-31,Quarterly,0.4113,0.4113
SPY,2000-09-15,2000-09-19,2000-10-31,Quarterly,0.3753,0.3753
SPY,2000-06-16,2000-06-20,2000-07-31,Quarterly,0.3484,0.3484
SPY,2000-03-17,2000-03-21,2000-04-28,Quarterly,0.3708,0.3708
SPY,1999-12-17,1999-12-21,2000-01-31,Quarterly,0.3476,0.3476
SPY,1999-09-17,1999-09-21,1999-10-29,Quarterly,0.3722,0.3722
SPY,1999-06-18,1999-06-22,1999-07-30,Quarterly,0.405,0.405
SPY,1999-03-19,1999-03-23,1999-04-30,Quarterly,0.3199,0.3199
SPY,1998-12-18,1998-12-22,1999-01-29,Quarterly,0.3918,0.3918
SPY,1998-09-18,1998-09-22,1998-10-30,Quarterly,0.3585,0.3585
SPY,1998-06-19,1998-06-23,1998-07-31,Quarterly,0.352,0.352
SPY,1998-03-20,1998-03-24,1998-04-30,Quarterly,0.3134,0.3134
SPY,1997-12-19,1997-12-23,1998-01-31,Quarterly,0.3795,0.3795
SPY,1997-09-19,1997-09-23,1997-10-31,Quarterly,0.3484,0.3484
SPY,1997-06-20,1997-06-24,1997-07-31,Quarterly,0.35,0.35
SPY,1997-03-21,1997-03-25,1997-04-30,Quarterly,0.2993,0.2993
SPY,1996-12-20,1996-12-24,1997-01-31,Quarterly,0.3668,0.3668
SPY,1996-12-20,1996-12-24,1997-01-31,Annual,0.04,0.04
SPY,1996-09-20,1996-09-24,1996-10-31,Quarterly,0.3519,0.3519
SPY,1996-06-21,1996-06-25,1996-07-31,Quarterly,0.3509,0.3509
SPY,1996-03-15,1996-03-19,1996-04-30,Quarterly,0.2854,0.2854
SPY,1995-12-15,1995-12-19,1996-01-31,Quarterly,0.382,0.382
SPY,1995-09-15,1995-09-19,1995-10-31,Quarterly,0.3123,0.3123
SPY,1995-06-16,1995-06-20,1995-07-31,Quarterly,0.3162,0.3162
SPY,1995-03-13,1995-03-17,1995-04-28,Quarterly,0.2682,0.2682
SPY,1994-12-16,1994-12-22,1995-01-31,Quarterly,0.3627,0.3627
SPY,1994-09-16,1994-09-23,1994-10-31,Quarterly,0.2882,0.2882
SPY,1994-06-17,1994-06-23,1994-07-29,Quarterly,0.305,0.305
SPY,1994-03-18,1994-03-24,1994-04-29,Quarterly,0.2712,0.2712
SPY,1993-12-17,1993-12-23,1994-01-31,Quarterly,0.3172,0.3172
SPY,1993-09-17,1993-09-23,1993-10-29,Quarterly,0.2862,0.2862
SPY,1993-06-18,1993-06-24,1993-07-30,Quarterly,0.318,0.318
SPY,1993-03-19,1993-03-25,1993-04-30,Other,0.2132,0.2132
TLT,2021-12-16,2021-12-17,2021-12-22,Monthly,0.1676,0.1676
TLT,2021-12-01,2021-12-02,2021-12-07,Monthly,0.1842,0.1842
TLT,2021-11-01,2021-11-02,2021-11-05,Monthly,0.1882,0.1882
TLT,2021-10-01,2021-10-04,2021-10-07,Monthly,0.1831,0.1831
TLT,2021-09-01,2021-09-02,2021-09-08,Monthly,0.1893,0.1893
TLT,2021-08-02,2021-08-03,2021-08-06,Monthly,0.1817,0.1817
TLT,2021-07-01,2021-07-02,2021-07-08,Monthly,0.1875,0.1875
TLT,2021-06-01,2021-06-02,2021-06-07,Monthly,0.1993,0.1993
TLT,2021-05-03,2021-05-04,2021-05-07,Monthly,0.2031,0.2031
TLT,2021-04-01,2021-04-05,2021-04-08,Monthly,0.1851,0.1851
TLT,2021-03-01,2021-03-02,2021-03-05,Monthly,0.1717,0.1717
TLT,2021-02-01,2021-02-02,2021-02-05,Monthly,0.1758,0.1758
TLT,2020-12-17,2020-12-18,2020-12-23,Monthly,0.1639,0.1639
TLT,2020-12-01,2020-12-02,2020-12-07,Monthly,0.163,0.163
TLT,2020-11-02,2020-11-03,2020-11-06,Monthly,0.1695,0.1695
TLT,2020-10-01,2020-10-02,2020-10-07,Monthly,0.1691,0.1691
TLT,2020-09-01,2020-09-02,2020-09-08,Monthly,0.1829,0.1829
TLT,2020-08-03,2020-08-04,2020-08-07,Monthly,0.1901,0.1901
TLT,2020-07-01,2020-07-02,2020-07-08,Monthly,0.1917,0.1917
TLT,2020-06-01,2020-06-02,2020-06-05,Monthly,0.2102,0.2102
TLT,2020-05-01,2020-05-04,2020-05-07,Monthly,0.2162,0.2162
TLT,2020-04-01,2020-04-02,2020-04-07,Monthly,0.238,0.238
TLT,2020-03-02,2020-03-03,2020-03-06,Monthly,0.2292,0.2292
TLT,2020-02-03,2020-02-04,2020-02-07,Monthly,0.242,0.242
TLT,2019-12-19,2019-12-20,2019-12-26,Monthly,0.2176,0.2176
TLT,2019-12-02,2019-12-03,2019-12-06,Monthly,0.2405,0.2405
TLT,2019-11-01,2019-11-04,2019-11-07,Monthly,0.2456,0.2456
TLT,2019-10-01,2019-10-02,2019-10-07,Monthly,0.2501,0.2501
TLT,2019-09-03,2019-09-04,2019-09-09,Monthly,0.2602,0.2602
TLT,2019-08-01,2019-08-02,2019-08-07,Monthly,0.264,0.264
TLT,2019-07-01,2019-07-02,2019-07-08,Monthly,0.2602,0.2602
TLT,2019-06-03,2019-06-04,2019-06-07,Monthly,0.2695,0.2695
TLT,2019-05-01,2019-05-02,2019-05-07,Monthly,0.2589,0.2589
TLT,2019-04-01,2019-04-02,2019-04-05,Monthly,0.2782,0.2782
TLT,2019-03-01,2019-03-04,2019-03-07,Monthly,0.2533,0.2533
TLT,2019-02-01,2019-02-04,2019-02-07,Monthly,0.2748,0.2748
TLT,2018-12-18,2018-12-19,2018-12-24,Monthly,0.2819,0.2819
TLT,2018-12-03,2018-12-04,2018-12-07,Monthly,0.2668,0.2668
TLT,2018-11-01,2018-11-02,2018-11-07,Monthly,0.2747,0.2747
TLT,2018-10-01,2018-10-02,2018-10-05,Monthly,0.2609,0.2609
TLT,2018-09-04,2018-09-05,2018-09-10,Monthly,0.2723,0.2723
TLT,2018-08-01,2018-08-02,2018-08-07,Monthly,0.2668,0.2668
TLT,2018-07-02,2018-07-03,2018-07-09,Monthly,0.2749,0.2749
TLT,2018-06-01,2018-06-04,2018-06-07,Monthly,0.2807,0.2807
TLT,2018-05-01,2018-05-02,2018-05-07,Monthly,0.2621,0.2621
TLT,2018-04-02,2018-04-03,2018-04-06,Monthly,0.2604,0.2604
TLT,2018-03-01,2018-03-02,2018-03-07,Monthly,0.239,0.239
TLT,2018-02-01,2018-02-02,2018-02-07,Monthly,0.2546,0.2546
TLT,2017-12-21,2017-12-22,2017-12-28,Monthly,0.2616,0.2616
TLT,2017-12-01,2017-12-04,2017-12-07,Monthly,0.2547,0.2547
TLT,2017-11-01,2017-11-02,2017-11-07,Monthly,0.2631,0.2631
TLT,2017-10-02,2017-10-03,2017-10-06,Monthly,0.2524,0.2524
TLT,2017-09-01,2017-09-06,2017-09-08,Monthly,0.2626,0.2626
TLT,2017-08-01,2017-08-03,2017-08-07,Monthly,0.2687,0.2687
TLT,2017-07-03,2017-07-06,2017-07-10,Monthly,0.2576,0.2576
TLT,2017-06-01,2017-06-05,2017-06-07,Monthly,0.263,0.263
TLT,2017-05-01,2017-05-03,2017-05-05,Monthly,0.2548,0.2548
TLT,2017-04-03,2017-04-05,2017-04-07,Monthly,0.2546,0.2546
TLT,2017-03-01,2017-03-03,2017-03-07,Monthly,0.2339,0.2339
TLT,2017-02-01,2017-02-03,2017-02-07,Monthly,0.2592,0.2592
TLT,2016-12-22,2016-12-27,2016-12-29,Monthly,0.3086,0.3086
TLT,2016-12-01,2016-12-05,2016-12-07,Monthly,0.2427,0.2427
TLT,2016-11-01,2016-11-03,2016-11-07,Monthly,0.2499,0.2499
TLT,2016-10-03,2016-10-05,2016-10-07,Monthly,0.2471,0.2471
TLT,2016-09-01,2016-09-06,2016-09-08,Monthly,0.2542,0.2542
TLT,2016-08-01,2016-08-03,2016-08-05,Monthly,0.2581,0.2581
TLT,2016-07-01,2016-07-06,2016-07-08,Monthly,0.2552,0.2552
TLT,2016-06-01,2016-06-03,2016-06-07,Monthly,0.2673,0.2673
TLT,2016-05-02,2016-05-04,2016-05-06,Monthly,0.2602,0.2602
TLT,2016-04-01,2016-04-05,2016-04-07,Monthly,0.2704,0.2704
TLT,2016-03-01,2016-03-03,2016-03-07,Monthly,0.2484,0.2484
TLT,2016-02-01,2016-02-03,2016-02-05,Monthly,0.241,0.241
TLT,2015-12-24,2015-12-29,2015-12-31,Monthly,0.254,0.254
TLT,2015-12-01,2015-12-03,2015-12-07,Monthly,0.2565,0.2565
TLT,2015-11-02,2015-11-04,2015-11-06,Monthly,0.2666,0.2666
TLT,2015-10-01,2015-10-05,2015-10-07,Monthly,0.2563,0.2563
TLT,2015-09-01,2015-09-03,2015-09-08,Monthly,0.2627,0.2627
TLT,2015-08-03,2015-08-05,2015-08-07,Monthly,0.2674,0.2674
TLT,2015-07-01,2015-07-06,2015-07-08,Monthly,0.2582,0.2582
TLT,2015-06-01,2015-06-03,2015-06-05,Monthly,0.2644,0.2644
TLT,2015-05-01,2015-05-05,2015-05-07,Monthly,0.2581,0.2581
TLT,2015-04-01,2015-04-06,2015-04-08,Monthly,0.2731,0.2731
TLT,2015-03-02,2015-03-04,2015-03-06,Monthly,0.2521,0.2521
TLT,2015-02-02,2015-02-04,2015-02-06,Monthly,0.279,0.279
TLT,2014-12-24,2014-12-29,2014-12-31,Monthly,0.2613,0.2613
TLT,2014-12-01,2014-12-03,2014-12-05,Monthly,0.2766,0.2766
TLT,2014-11-03,2014-11-05,2014-11-07,Monthly,0.29,0.29
TLT,2014-10-01,2014-10-03,2014-10-07,Monthly,0.2894,0.2894
TLT,2014-09-02,2014-09-04,2014-09-08,Monthly,0.271,0.271
TLT,2014-08-01,2014-08-05,2014-08-07,Monthly,0.2998,0.2998
TLT,2014-07-01,2014-07-03,2014-07-08,Monthly,0.2918,0.2918
TLT,2014-06-02,2014-06-04,2014-06-06,Monthly,0.2938,0.2938
TLT,2014-05-01,2014-05-05,2014-05-07,Monthly,0.2693,0.2693
TLT,2014-04-01,2014-04-03,2014-04-07,Monthly,0.2802,0.2802
TLT,2014-03-03,2014-03-05,2014-03-07,Monthly,0.2633,0.2633
TLT,2014-02-03,2014-02-05,2014-02-07,Monthly,0.2756,0.2756
TLT,2013-12-26,2013-12-30,2014-01-02,Monthly,0.3347,0.3347
TLT,2013-12-02,2013-12-04,2013-12-06,Monthly,0.31,0.31
TLT,2013-11-01,2013-11-05,2013-11-07,Monthly,0.2879,0.2879
TLT,2013-10-01,2013-10-03,2013-10-07,Monthly,0.2777,0.2777
TLT,2013-09-03,2013-09-05,2013-09-09,Monthly,0.279,0.279
TLT,2013-08-01,2013-08-05,2013-08-07,Monthly,0.27,0.27
TLT,2013-07-01,2013-07-03,2013-07-08,Monthly,0.2516,0.2516
TLT,2013-06-03,2013-06-05,2013-06-07,Monthly,0.2751,0.2751
TLT,2013-05-01,2013-05-03,2013-05-07,Monthly,0.2606,0.2606
TLT,2013-04-01,2013-04-03,2013-04-05,Monthly,0.2551,0.2551
TLT,2013-03-01,2013-03-05,2013-03-07,Monthly,0.2539,0.2539
TLT,2013-02-01,2013-02-05,2013-02-07,Monthly,0.2602,0.2602
TLT,2012-12-26,2012-12-28,2013-01-02,Monthly,0.2682,0.2682
TLT,2012-12-03,2012-12-05,2012-12-07,Monthly,0.2448,0.2448
TLT,2012-11-01,2012-11-05,2012-11-07,Monthly,0.2696,0.2696
TLT,2012-10-01,2012-10-03,2012-10-05,Monthly,0.2597,0.2597
TLT,2012-09-04,2012-09-06,2012-09-10,Monthly,0.2717,0.2717
TLT,2012-08-01,2012-08-03,2012-08-07,Monthly,0.2725,0.2725
TLT,2012-07-02,2012-07-05,2012-07-09,Monthly,0.2688,0.2688
TLT,2012-06-01,2012-06-05,2012-06-07,Monthly,0.2627,0.2627
TLT,2012-05-01,2012-05-03,2012-05-07,Monthly,0.2835,0.2835
TLT,2012-04-02,2012-04-04,2012-04-09,Monthly,0.29,0.29
TLT,2012-03-01,2012-03-05,2012-03-07,Monthly,0.2668,0.2668
TLT,2012-02-01,2012-02-03,2012-02-07,Monthly,0.2888,0.2888
TLT,2011-12-27,2011-12-29,2012-01-04,Monthly,0.3799,0.3799
TLT,2011-12-01,2011-12-05,2011-12-07,Monthly,0.2898,0.2898
TLT,2011-11-01,2011-11-03,2011-11-07,Monthly,0.2995,0.2995
TLT,2011-10-03,2011-10-05,2011-10-07,Monthly,0.3059,0.3059
TLT,2011-09-01,2011-09-06,2011-09-08,Monthly,0.3224,0.3224
TLT,2011-08-01,2011-08-03,2011-08-05,Monthly,0.3252,0.3252
TLT,2011-07-01,2011-07-06,2011-07-08,Monthly,0.3197,0.3197
TLT,2011-06-01,2011-06-03,2011-06-07,Monthly,0.352,0.352
TLT,2011-05-02,2011-05-04,2011-05-06,Monthly,0.4001,0.4001
TLT,2011-04-01,2011-04-05,2011-04-07,Monthly,0.3858,0.3858
TLT,2011-03-01,2011-03-03,2011-03-07,Monthly,0.2969,0.2969
TLT,2011-02-01,2011-02-03,2011-02-07,Monthly,0.32,0.32
TLT,2010-12-28,2010-12-30,2011-01-04,Monthly,0.3204,0.3204
TLT,2010-12-01,2010-12-03,2010-12-07,Monthly,0.3398,0.3398
TLT,2010-11-01,2010-11-03,2010-11-05,Monthly,0.3194,0.3194
TLT,2010-10-01,2010-10-05,2010-10-07,Monthly,0.3922,0.3922
TLT,2010-09-01,2010-09-03,2010-09-08,Monthly,0.3222,0.3222
TLT,2010-08-02,2010-08-04,2010-08-06,Monthly,0.3244,0.3244
TLT,2010-07-01,2010-07-06,2010-07-08,Monthly,0.3095,0.3095
TLT,2010-06-01,2010-06-03,2010-06-07,Monthly,0.3259,0.3259
TLT,2010-05-03,2010-05-05,2010-05-07,Monthly,0.32,0.32
TLT,2010-04-01,2010-04-06,2010-04-08,Monthly,0.3317,0.3317
TLT,2010-03-01,2010-03-03,2010-03-05,Monthly,0.2896,0.2896
TLT,2010-02-01,2010-02-03,2010-02-05,Monthly,0.3248,0.3248
TLT,2009-12-29,2009-12-31,2010-01-05,Monthly,0.3182,0.3182
TLT,2009-12-01,2009-12-03,2009-12-07,Monthly,0.3066,0.3066
TLT,2009-11-02,2009-11-04,2009-11-06,Monthly,0.3083,0.3083
TLT,2009-10-01,2009-10-05,2009-10-07,Monthly,0.3073,0.3073
TLT,2009-09-01,2009-09-03,2009-09-08,Monthly,0.3075,0.3075
TLT,2009-08-03,2009-08-05,2009-08-07,Monthly,0.3185,0.3185
TLT,2009-07-01,2009-07-06,2009-07-08,Monthly,0.3033,0.3033
TLT,2009-06-01,2009-06-03,2009-06-05,Monthly,0.3054,0.3054
TLT,2009-05-01,2009-05-05,2009-05-07,Monthly,0.2967,0.2967
TLT,2009-04-01,2009-04-03,2009-04-07,Monthly,0.3021,0.3021
TLT,2009-03-02,2009-03-04,2009-03-06,Monthly,0.2822,0.2822
TLT,2009-02-02,2009-02-04,2009-02-06,Monthly,0.2853,0.2853
TLT,2008-12-29,2008-12-31,2009-01-02,Monthly,0.4051,0.4051
TLT,2008-12-01,2008-12-03,2008-12-05,Monthly,0.355,0.355
TLT,2008-11-03,2008-11-05,2008-11-07,Monthly,0.37,0.37
TLT,2008-10-01,2008-10-03,2008-10-07,Monthly,0.29,0.29
TLT,2008-09-02,2008-09-04,2008-09-08,Monthly,0.34,0.34
TLT,2008-08-01,2008-08-05,2008-08-07,Monthly,0.3325,0.3325
TLT,2008-07-01,2008-07-03,2008-07-08,Monthly,0.3317,0.3317
TLT,2008-06-02,2008-06-04,2008-06-06,Monthly,0.3266,0.3266
TLT,2008-05-01,2008-05-05,2008-05-07,Monthly,0.3364,0.3364
TLT,2008-04-01,2008-04-03,2008-04-07,Monthly,0.4061,0.4061
TLT,2008-03-03,2008-03-05,2008-03-07,Monthly,0.3479,0.3479
TLT,2008-02-01,2008-02-05,2008-02-07,Monthly,0.3288,0.3288
TLT,2007-12-27,2007-12-31,2008-01-03,Monthly,0.3617,0.3617
TLT,2007-12-03,2007-12-05,2007-12-07,Monthly,0.3759,0.3759
TLT,2007-11-01,2007-11-05,2007-11-07,Monthly,0.3938,0.3938
TLT,2007-10-01,2007-10-03,2007-10-05,Monthly,0.3448,0.3448
TLT,2007-09-04,2007-09-06,2007-09-10,Monthly,0.3618,0.3618
TLT,2007-08-01,2007-08-03,2007-08-07,Monthly,0.3405,0.3405
TLT,2007-07-02,2007-07-05,2007-07-09,Monthly,0.3257,0.3257
TLT,2007-06-01,2007-06-05,2007-06-07,Monthly,0.3376,0.3376
TLT,2007-05-01,2007-05-03,2007-05-07,Monthly,0.324,0.324
TLT,2007-04-02,2007-04-04,2007-04-09,Monthly,0.326,0.326
TLT,2007-03-01,2007-03-05,2007-03-07,Monthly,0.3426,0.3426
TLT,2007-02-01,2007-02-05,2007-02-07,Monthly,0.3553,0.3553
TLT,2006-12-27,2006-12-29,2007-01-05,Monthly,0.3026,0.3026
TLT,2006-12-01,2006-12-05,2006-12-07,Monthly,0.3421,0.3421
TLT,2006-11-01,2006-11-03,2006-11-07,Monthly,0.3454,0.3454
TLT,2006-10-02,2006-10-04,2006-10-06,Monthly,0.3537,0.3537
TLT,2006-09-01,2006-09-06,2006-09-08,Monthly,0.3502,0.3502
TLT,2006-08-01,2006-08-03,2006-08-07,Monthly,0.3421,0.3421
TLT,2006-07-03,2006-07-06,2006-07-10,Monthly,0.3267,0.3267
TLT,2006-06-01,2006-06-05,2006-06-07,Monthly,0.3322,0.3322
TLT,2006-05-01,2006-05-03,2006-05-05,Monthly,0.3297,0.3297
TLT,2006-04-03,2006-04-05,2006-04-07,Monthly,0.3284,0.3284
TLT,2006-03-01,2006-03-03,2006-03-07,Monthly,0.3197,0.3197
TLT,2006-02-01,2006-02-03,2006-02-07,Monthly,0.3205,0.3205
TLT,2005-12-28,2005-12-30,2006-01-06,Monthly,0.3825,0.3825
TLT,2005-12-01,2005-12-05,2005-12-07,Monthly,0.3901,0.3901
TLT,2005-11-01,2005-11-03,2005-11-07,Monthly,0.3965,0.3965
TLT,2005-10-03,2005-10-05,2005-10-07,Monthly,0.3618,0.3618
TLT,2005-09-01,2005-09-06,2005-09-08,Monthly,0.3342,0.3342
TLT,2005-08-01,2005-08-03,2005-08-05,Monthly,0.3451,0.3451
TLT,2005-07-01,2005-07-06,2005-07-08,Monthly,0.3316,0.3316
TLT,2005-06-01,2005-06-03,2005-06-07,Monthly,0.3492,0.3492
TLT,2005-05-02,2005-05-04,2005-05-06,Monthly,0.33,0.33
TLT,2005-04-01,2005-04-05,2005-04-07,Monthly,0.33,0.33
TLT,2005-03-01,2005-03-03,2005-03-07,Monthly,0.2823,0.2823
TLT,2005-02-01,2005-02-03,2005-02-07,Monthly,0.3446,0.3446
TLT,2004-12-31,2005-01-04,2005-01-06,Monthly,0.3351,0.3351
TLT,2004-12-01,2004-12-03,2004-12-07,Monthly,0.3546,0.3546
TLT,2004-11-01,2004-11-03,2004-11-05,Monthly,0.3662,0.3662
TLT,2004-10-01,2004-10-05,2004-10-07,Monthly,0.3607,0.3607
TLT,2004-09-01,2004-09-03,2004-09-08,Monthly,0.3501,0.3501
TLT,2004-08-02,2004-08-04,2004-08-06,Monthly,0.3299,0.3299
TLT,2004-07-01,2004-07-06,2004-07-08,Monthly,0.336,0.336
TLT,2004-06-01,2004-06-03,2004-06-07,Monthly,0.3215,0.3215
TLT,2004-05-03,2004-05-05,2004-05-07,Monthly,0.3251,0.3251
TLT,2004-04-01,2004-04-05,2004-04-07,Monthly,0.348,0.348
TLT,2004-03-01,2004-03-03,2004-03-05,Monthly,0.3556,0.3556
TLT,2004-02-02,2004-02-04,2004-02-06,Monthly,0.3581,0.3581
TLT,2003-12-31,2004-01-05,2004-01-12,Monthly,0.3997,0.3997
TLT,2003-12-01,2003-12-03,2003-12-10,Monthly,0.4178,0.4178
TLT,2003-11-03,2003-11-05,2003-11-12,Monthly,0.348,0.348
TLT,2003-10-01,2003-10-03,2003-10-10,Monthly,0.3669,0.3669
TLT,2003-09-02,2003-09-04,2003-09-11,Monthly,0.372,0.372
TLT,2003-08-01,2003-08-05,2003-08-12,Monthly,0.378,0.378
TLT,2003-07-01,2003-07-03,2003-07-11,Monthly,0.3529,0.3529
TLT,2003-06-02,2003-06-04,2003-06-11,Monthly,0.3984,0.3984
TLT,2003-05-01,2003-05-05,2003-05-12,Monthly,0.473,0.473
TLT,2003-04-01,2003-04-03,2003-04-10,Monthly,0.3779,0.3779
TLT,2003-03-03,2003-03-05,2003-03-12,Monthly,0.3403,0.3403
TLT,2003-02-03,2003-02-05,2003-02-12,Monthly,0.3076,0.3076
TLT,2002-12-31,2003-01-03,2003-01-10,Monthly,0.4463,0.4463
TLT,2002-12-02,2002-12-04,2002-12-11,Monthly,0.3895,0.3895
TLT,2002-11-01,2002-11-05,2002-11-12,Monthly,0.3888,0.3888
TLT,2002-10-01,2002-10-03,2002-10-10,Monthly,0.3427,0.3427
TLT,2002-09-03,2002-09-05,2002-09-12,Other,0.3726,0.3726
UPRO,2021-12-23,2021-12-27,2021-12-31,Quarterly,0.0605,0.0605
UPRO,2021-03-23,2021-03-24,2021-03-30,Quarterly,0.0289,0.0289
UPRO,2020-12-23,2020-12-24,2020-12-31,Quarterly,0.0265,0.0265
UPRO,2020-03-25,2020-03-26,2020-04-01,Quarterly,0.0566,0.0566
UPRO,2019-12-24,2019-12-26,2020-01-02,Quarterly,0.101,0.101
UPRO,2019-06-25,2019-06-26,2019-07-02,Quarterly,0.0893,0.0893
UPRO,2019-03-20,2019-03-21,2019-03-27,Quarterly,0.094,0.094
UPRO,2018-12-26,2018-12-27,2019-01-03,Quarterly,0.1039,0.1039
UPRO,2018-09-26,2018-09-27,2018-10-03,Quarterly,0.0379,0.0379
UPRO,2018-06-20,2018-06-21,2018-06-27,Quarterly,0.0477,0.0477
UPRO,2018-03-21,2018-03-22,2018-03-28,Quarterly,0.0923,0.0308
UPRO,2016-09-21,2016-09-23,2016-09-29,Quarterly,0.0133,0.0044
UPRO,2016-06-22,2016-06-24,2016-06-30,Quarterly,0.0827,0.0276
UPRO,2015-12-22,2015-12-24,2015-12-31,Quarterly,0.1306,0.0435
UPRO,2015-06-24,2015-06-26,2015-07-02,Quarterly,0.0152,0.0051
UPRO,2015-03-25,2015-03-27,2015-04-02,Quarterly,0.1321,0.022
UPRO,2014-12-22,2014-12-24,2014-12-31,Quarterly,0.1407,0.0234
UPRO,2014-09-24,2014-09-26,2014-10-02,Quarterly,0.0707,0.0118
UPRO,2014-06-25,2014-06-27,2014-07-03,Quarterly,0.0748,0.0125
UPRO,2013-09-25,2013-09-27,2013-10-01,Quarterly,0.0375,0.0062
UPRO,2013-06-26,2013-06-28,2013-07-02,Quarterly,0.0247,0.0041
UPRO,2013-03-20,2013-03-22,2013-03-26,Quarterly,0.0147,0.0012
UPRO,2012-12-26,2012-12-28,2013-01-03,Quarterly,0.0169,0.0014
UPRO,2012-06-20,2012-06-22,2012-06-26,Quarterly,0.0259,0.0022
UPRO,2011-09-21,2011-09-23,2011-09-27,Quarterly,0.0342,0.0029
UPRO,2010-09-21,2010-09-23,2010-09-28,Quarterly,0.1325,0.0037
UPRO,2010-06-22,2010-06-24,2010-06-29,Quarterly,0.1754,0.0049
UPRO,2010-03-24,2010-03-26,2010-03-30,Quarterly,0.064,0.0018
UPRO,2009-12-23,2009-12-28,2009-12-30,Quarterly,0.0978,0.0027
UPRO,2009-09-24,2009-09-28,2009-09-30,Other,0.0633,0.0018
TMF,2021-12-21,2021-12-22,2021-12-29,Quarterly,0.0016,0.0016
TMF,2021-09-21,2021-09-22,2021-09-28,Quarterly,0.0054,0.0054
TMF,2021-06-22,2021-06-23,2021-06-29,Quarterly,0.0144,0.0144
TMF,2021-03-23,2021-03-24,2021-03-30,Quarterly,0.0152,0.0152
TMF,2020-12-10,2020-12-11,2020-12-17,Annual,0.6861,0.6861
TMF,2020-03-24,2020-03-25,2020-03-31,Quarterly,0.0993,0.0993
TMF,2019-12-23,2019-12-24,2019-12-31,Quarterly,0.0505,0.0505
TMF,2019-09-24,2019-09-25,2019-10-01,Quarterly,0.059,0.059
TMF,2019-06-25,2019-06-26,2019-07-02,Quarterly,0.0667,0.0667
TMF,2019-03-19,2019-03-20,2019-03-26,Quarterly,0.0677,0.0677
TMF,2018-12-27,2018-12-28,2019-01-04,Quarterly,0.0972,0.0972
TMF,2018-09-25,2018-09-26,2018-10-02,Quarterly,0.0567,0.0567
TMF,2018-06-19,2018-06-20,2018-06-26,Quarterly,0.1042,0.1042
TMF,2018-03-20,2018-03-21,2018-03-27,Quarterly,0.0302,0.0302
TMF,2017-12-19,2017-12-20,2017-12-27,Quarterly,0.072,0.072
TMF,2017-06-20,2017-06-22,2017-06-27,Quarterly,0.0184,0.0184
TMF,2013-09-17,2013-09-19,2013-09-24,Quarterly,0.0776,0.0194
TMF,2013-06-18,2013-06-20,2013-06-25,Quarterly,0.1179,0.0295
TMF,2013-03-19,2013-03-21,2013-03-26,Quarterly,0.0539,0.0135
TMF,2012-12-18,2012-12-20,2012-12-26,Quarterly,0.0735,0.0184
TMF,2012-03-21,2012-03-23,2012-03-28,Other,0.0475,0.0119
TMF,2011-12-13,2011-12-15,2011-12-20,Other,0.499,0.1247
TMF,2010-12-22,2010-12-27,2010-12-30,Quarterly,0.2923,0.0731
TMF,2010-12-14,2010-12-16,2010-12-22,Other,0.9873,0.2468
TMF,2010-09-22,2010-09-24,2010-09-29,Quarterly,0.1077,0.0269
TMF,2010-06-22,2010-06-24,2010-06-29,Quarterly,0.2205,0.0551
TMF,2010-03-23,2010-03-25,2010-03-30,Quarterly,0.1564,0.0391
TMF,2009-12-22,2009-12-24,2009-12-30,Quarterly,0.282,0.0705
TMF,2009-11-20,2009-11-24,2009-11-30,Other,4.1965,1.0491
TMF,2009-09-22,2009-09-24,2009-09-29,Quarterly,0.3172,0.0793
TMF,2009-06-23,2009-06-25,2009-06-30,Other,0.0651,0.0163
SSO,2021-12-23,2021-12-27,2021-12-31,Quarterly,0.1043,0.1043
SSO,2021-09-22,2021-09-23,2021-09-29,Quarterly,0.0385,0.0385
SSO,2021-06-22,2021-06-23,2021-06-29,Quarterly,0.0439,0.0439
SSO,2021-03-23,2021-03-24,2021-03-30,Quarterly,0.0696,0.0696
SSO,2020-12-23,2020-12-24,2020-12-31,Quarterly,0.0842,0.0842
SSO,2020-03-25,2020-03-26,2020-04-01,Quarterly,0.1976,0.0988
SSO,2019-12-24,2019-12-26,2020-01-02,Quarterly,0.2685,0.1343
SSO,2019-06-25,2019-06-26,2019-07-02,Quarterly,0.2658,0.1329
SSO,2019-03-20,2019-03-21,2019-03-27,Quarterly,0.2202,0.1101
SSO,2018-12-26,2018-12-27,2019-01-03,Quarterly,0.2283,0.1142
SSO,2018-09-26,2018-09-27,2018-10-03,Quarterly,0.1201,0.0601
SSO,2018-06-20,2018-06-21,2018-06-27,Quarterly,0.1891,0.0945
SSO,2018-03-21,2018-03-22,2018-03-28,Quarterly,0.1599,0.08
SSO,2017-12-26,2017-12-27,2018-01-04,Quarterly,0.161,0.0805
SSO,2017-09-27,2017-09-28,2017-10-05,Quarterly,0.0901,0.045
SSO,2017-06-21,2017-06-23,2017-06-29,Quarterly,0.0819,0.0409
SSO,2017-03-22,2017-03-24,2017-03-30,Quarterly,0.0889,0.0445
SSO,2016-12-21,2016-12-23,2016-12-30,Quarterly,0.0941,0.047
SSO,2016-09-21,2016-09-23,2016-09-29,Quarterly,0.0606,0.0303
SSO,2016-06-22,2016-06-24,2016-06-30,Quarterly,0.087,0.0435
SSO,2016-03-23,2016-03-28,2016-04-01,Quarterly,0.143,0.0715
SSO,2015-12-22,2015-12-24,2015-12-31,Quarterly,0.1936,0.0968
SSO,2015-06-24,2015-06-26,2015-07-02,Quarterly,0.0781,0.0391
SSO,2015-03-25,2015-03-27,2015-04-02,Quarterly,0.2464,0.0616
SSO,2014-12-22,2014-12-24,2014-12-31,Quarterly,0.2437,0.0609
SSO,2014-09-24,2014-09-26,2014-10-02,Quarterly,0.0523,0.0131
SSO,2014-06-25,2014-06-27,2014-07-03,Quarterly,0.091,0.0227
SSO,2014-03-26,2014-03-28,2014-04-01,Quarterly,0.03,0.0075
SSO,2013-12-24,2013-12-27,2013-12-31,Quarterly,0.0937,0.0234
SSO,2013-09-25,2013-09-27,2013-10-01,Quarterly,0.0859,0.0215
SSO,2013-06-26,2013-06-28,2013-07-02,Quarterly,0.0533,0.0133
SSO,2013-03-20,2013-03-22,2013-03-26,Quarterly,0.0323,0.0081
SSO,2012-12-26,2012-12-28,2013-01-03,Quarterly,0.112,0.028
SSO,2012-09-25,2012-09-27,2012-10-01,Quarterly,0.118,0.0295
SSO,2012-06-20,2012-06-22,2012-06-26,Quarterly,0.0577,0.0144
SSO,2012-03-21,2012-03-23,2012-03-27,Quarterly,0.1372,0.0343
SSO,2011-12-23,2011-12-28,2011-12-30,Quarterly,0.0087,0.0022
SSO,2011-09-21,2011-09-23,2011-09-27,Quarterly,0.0826,0.0207
SSO,2011-06-22,2011-06-24,2011-06-28,Quarterly,0.0422,0.0105
SSO,2011-03-23,2011-03-25,2011-03-29,Quarterly,0.1253,0.0313
SSO,2010-12-23,2010-12-28,2010-12-30,Quarterly,0.0103,0.0026
SSO,2010-09-21,2010-09-23,2010-09-28,Quarterly,0.1184,0.0296
SSO,2010-06-22,2010-06-24,2010-06-29,Quarterly,0.0807,0.0202
SSO,2010-03-24,2010-03-26,2010-03-30,Quarterly,0.1651,0.0413
SSO,2009-12-23,2009-12-28,2009-12-30,Quarterly,0.0091,0.0023
SSO,2009-09-24,2009-09-28,2009-09-30,Quarterly,0.0902,0.0226
SSO,2009-06-24,2009-06-26,2009-06-30,Quarterly,0.0856,0.0214
SSO,2009-03-24,2009-03-26,2009-03-30,Quarterly,0.1076,0.0269
SSO,2008-12-23,2008-12-26,2008-12-30,Quarterly,0.0591,0.0148
SSO,2008-09-24,2008-09-26,2008-09-30,Quarterly,0.1329,0.0332
SSO,2008-06-24,2008-06-26,2008-06-30,Quarterly,0.214,0.0535
SSO,2008-03-25,2008-03-27,2008-03-31,Quarterly,0.1549,0.0387
SSO,2007-12-20,2007-12-24,2007-12-28,Quarterly,0.3672,0.0918
SSO,2007-12-20,2007-12-24,2007-12-28,Other,3.282,0.8205
SSO,2007-09-25,2007-09-27,2007-09-28,Quarterly,0.244,0.061
SSO,2007-06-26,2007-06-28,2007-07-02,Quarterly,0.273,0.0683
SSO,2007-03-27,2007-03-29,2007-04-02,Quarterly,0.2499,0.0625
SSO,2006-12-20,2006-12-22,2006-12-27,Other,3.7971,0.9493
VTI,2021-12-27,2021-12-28,2021-12-30,Quarterly,0.8592,0.8592
VTI,2021-09-24,2021-09-27,2021-09-29,Quarterly,0.7242,0.7242
VTI,2021-06-24,2021-06-25,2021-06-29,Quarterly,0.6753,0.6753
VTI,2021-03-25,2021-03-26,2021-03-30,Quarterly,0.6716,0.6716
VTI,2020-12-24,2020-12-28,2020-12-30,Quarterly,0.7818,0.7818
VTI,2020-09-25,2020-09-28,2020-09-30,Quarterly,0.6741,0.6741
VTI,2020-06-25,2020-06-26,2020-06-30,Quarterly,0.6999,0.6999
VTI,2020-03-26,2020-03-27,2020-03-31,Quarterly,0.6136,0.6136
VTI,2019-12-24,2019-12-26,2019-12-30,Quarterly,0.8855,0.8855
VTI,2019-09-16,2019-09-17,2019-09-19,Quarterly,0.7,0.7
VTI,2019-06-17,2019-06-18,2019-06-20,Quarterly,0.5472,0.5472
VTI,2019-03-25,2019-03-26,2019-03-28,Quarterly,0.772,0.772
VTI,2018-12-24,2018-12-26,2018-12-28,Quarterly,0.7209,0.7209
VTI,2018-09-28,2018-10-01,2018-10-03,Quarterly,0.7142,0.7142
VTI,2018-06-22,2018-06-25,2018-06-27,Quarterly,0.6034,0.6034
VTI,2018-03-22,2018-03-23,2018-03-27,Quarterly,0.5661,0.5661
VTI,2017-12-21,2017-12-22,2017-12-27,Quarterly,0.673,0.673
VTI,2017-09-22,2017-09-25,2017-09-27,Quarterly,0.553,0.553
VTI,2017-06-21,2017-06-23,2017-06-27,Quarterly,0.575,0.575
VTI,2017-03-24,2017-03-28,2017-03-30,Quarterly,0.542,0.542
VTI,2016-12-20,2016-12-22,2016-12-27,Quarterly,0.727,0.727
VTI,2016-09-13,2016-09-15,2016-09-19,Quarterly,0.539,0.539
VTI,2016-06-14,2016-06-16,2016-06-20,Quarterly,0.469,0.469
VTI,2016-03-15,2016-03-17,2016-03-21,Quarterly,0.48,0.48
VTI,2015-12-21,2015-12-23,2015-12-28,Quarterly,0.583,0.583
VTI,2015-09-25,2015-09-29,2015-10-01,Quarterly,0.508,0.508
VTI,2015-06-26,2015-06-30,2015-07-02,Quarterly,0.468,0.468
VTI,2015-03-25,2015-03-27,2015-03-31,Quarterly,0.508,0.508
VTI,2014-12-22,2014-12-24,2014-12-29,Quarterly,0.561,0.561
VTI,2014-09-24,2014-09-26,2014-09-30,Quarterly,0.465,0.465
VTI,2014-06-24,2014-06-26,2014-06-30,Quarterly,0.42,0.42
VTI,2014-03-25,2014-03-27,2014-03-31,Quarterly,0.423,0.423
VTI,2013-12-20,2013-12-24,2013-12-27,Quarterly,0.494,0.494
VTI,2013-09-23,2013-09-25,2013-09-27,Quarterly,0.429,0.429
VTI,2013-06-24,2013-06-26,2013-06-28,Quarterly,0.386,0.386
VTI,2013-03-22,2013-03-26,2013-03-28,Quarterly,0.364,0.364
VTI,2012-12-20,2012-12-24,2012-12-27,Quarterly,0.545,0.545
VTI,2012-09-24,2012-09-26,2012-09-28,Quarterly,0.364,0.364
VTI,2012-06-25,2012-06-27,2012-06-29,Quarterly,0.346,0.346
VTI,2012-03-26,2012-03-28,2012-03-30,Quarterly,0.308,0.308
VTI,2011-12-21,2011-12-23,2011-12-28,Quarterly,0.361,0.361
VTI,2011-09-23,2011-09-27,2011-09-29,Quarterly,0.306,0.306
VTI,2011-06-24,2011-06-28,2011-06-30,Quarterly,0.283,0.283
VTI,2011-03-25,2011-03-29,2011-03-31,Quarterly,0.283,0.283
VTI,2010-12-22,2010-12-27,2010-12-29,Quarterly,0.346,0.346
VTI,2010-09-24,2010-09-28,2010-09-30,Quarterly,0.297,0.297
VTI,2010-06-24,2010-06-28,2010-06-30,Quarterly,0.269,0.269
VTI,2010-03-25,2010-03-29,2010-03-31,Quarterly,0.236,0.236
VTI,2009-12-22,2009-12-24,2009-12-29,Quarterly,0.358,0.358
VTI,2009-09-24,2009-09-28,2009-09-30,Quarterly,0.248,0.248
VTI,2009-06-25,2009-06-26,2009-06-30,Quarterly,0.223,0.223
VTI,2009-03-25,2009-03-27,2009-03-31,Quarterly,0.278,0.278
VTI,2008-12-22,2008-12-24,2008-12-29,Quarterly,0.335,0.335
VTI,2008-09-24,2008-09-26,2008-09-30,Quarterly,0.296,0.296
VTI,2008-06-24,2008-06-26,2008-06-30,Quarterly,0.313,0.313
VTI,2008-03-25,2008-03-27,2008-03-31,Quarterly,0.623,0.3115
VTI,2007-12-20,2007-12-24,2007-12-27,Quarterly,0.771,0.3855
VTI,2007-09-24,2007-09-26,2007-09-28,Quarterly,0.642,0.321
VTI,2007-06-25,2007-06-27,2007-06-29,Quarterly,0.571,0.2855
VTI,2007-03-26,2007-03-28,2007-03-30,Quarterly,0.611,0.3055
VTI,2006-12-22,2006-12-27,2006-12-29,Quarterly,0.712,0.356
VTI,2006-09-25,2006-09-27,2006-09-29,Quarterly,0.529,0.2645
VTI,2006-06-26,2006-06-28,2006-06-30,Quarterly,0.535,0.2675
VTI,2006-03-20,2006-03-22,2006-03-29,Quarterly,0.526,0.263
VTI,2005-12-27,2005-12-29,2006-01-09,Quarterly,0.672,0.336
VTI,2005-09-26,2005-09-28,2005-10-06,Quarterly,0.57,0.285
VTI,2005-06-27,2005-06-29,2005-07-08,Quarterly,0.403,0.2015
VTI,2005-03-24,2005-03-29,2005-04-06,Quarterly,0.438,0.219
VTI,2004-12-27,2004-12-29,2005-01-06,Quarterly,0.526,0.263
VTI,2004-12-27,2004-12-29,2005-01-06,Other,0.259,0.1295
VTI,2004-09-27,2004-09-29,2004-10-07,Quarterly,0.387,0.1935
VTI,2004-06-28,2004-06-30,2004-07-08,Quarterly,0.38,0.19
VTI,2004-03-29,2004-03-31,2004-04-02,Quarterly,0.35,0.175
VTI,2003-12-22,2003-12-24,2004-01-02,Quarterly,0.442,0.221
VTI,2003-09-29,2003-10-01,2003-10-03,Quarterly,0.34,0.17
VTI,2003-06-23,2003-06-25,2003-06-27,Quarterly,0.3,0.15
VTI,2003-03-31,2003-04-02,2003-04-04,Quarterly,0.3,0.15
VTI,2002-12-23,2002-12-26,2003-01-02,Quarterly,0.392,0.196
VTI,2002-09-30,2002-10-02,2002-10-04,Quarterly,0.3,0.15
VTI,2002-06-24,2002-06-26,2002-06-28,Quarterly,0.26,0.13
VTI,2002-03-25,2002-03-27,2002-04-01,Quarterly,0.3,0.15
VTI,2001-12-24,2001-12-27,2002-01-02,Quarterly,0.393,0.1965
VTI,2001-09-24,2001-09-26,2001-09-28,Quarterly,0.315,0.1575
VTI,2001-06-25,2001-06-27,2001-06-29,Other,0.28,0.14
VXUS,2021-12-20,2021-12-21,2021-12-23,Quarterly,0.9412,0.9412
VXUS,2021-09-20,2021-09-21,2021-09-23,Quarterly,0.3565,0.3565
VXUS,2021-06-21,2021-06-22,2021-06-24,Quarterly,0.5148,0.5148
VXUS,2021-03-22,2021-03-23,2021-03-25,Quarterly,0.1553,0.1553
VXUS,2020-12-21,2020-12-22,2020-12-24,Quarterly,0.5903,0.5903
VXUS,2020-09-21,2020-09-22,2020-09-24,Quarterly,0.3385,0.3385
VXUS,2020-06-22,2020-06-23,2020-06-25,Quarterly,0.2521,0.2521
VXUS,2020-03-23,2020-03-24,2020-03-26,Quarterly,0.1058,0.1058
VXUS,2019-12-23,2019-12-24,2019-12-27,Quarterly,0.6281,0.6281
VXUS,2019-09-24,2019-09-25,2019-09-27,Quarterly,0.3004,0.3004
VXUS,2019-06-21,2019-06-24,2019-06-26,Quarterly,0.6106,0.6106
VXUS,2019-03-25,2019-03-26,2019-03-28,Quarterly,0.1656,0.1656
VXUS,2018-12-24,2018-12-26,2018-12-28,Quarterly,0.4963,0.4963
VXUS,2018-09-26,2018-09-27,2018-10-01,Quarterly,0.2683,0.2683
VXUS,2018-06-22,2018-06-25,2018-06-27,Quarterly,0.5928,0.5928
VXUS,2018-03-26,2018-03-27,2018-03-29,Quarterly,0.1424,0.1424
VXUS,2017-12-21,2017-12-22,2017-12-27,Quarterly,0.5391,0.5391
VXUS,2017-09-20,2017-09-21,2017-09-25,Quarterly,0.298,0.298
VXUS,2017-06-21,2017-06-23,2017-06-27,Quarterly,0.556,0.556
VXUS,2017-03-24,2017-03-28,2017-03-30,Quarterly,0.16,0.16
VXUS,2016-12-20,2016-12-22,2016-12-27,Quarterly,0.39,0.39
VXUS,2016-09-13,2016-09-15,2016-09-19,Quarterly,0.274,0.274
VXUS,2016-06-14,2016-06-16,2016-06-20,Quarterly,0.537,0.537
VXUS,2016-03-15,2016-03-17,2016-03-21,Quarterly,0.143,0.143
VXUS,2015-12-21,2015-12-23,2015-12-28,Quarterly,0.347,0.347
VXUS,2015-09-25,2015-09-29,2015-10-01,Quarterly,0.224,0.224
VXUS,2015-06-26,2015-06-30,2015-07-02,Quarterly,0.547,0.547
VXUS,2015-03-25,2015-03-27,2015-03-31,Quarterly,0.158,0.158
VXUS,2014-12-22,2014-12-24,2014-12-29,Quarterly,0.4,0.4
VXUS,2014-09-24,2014-09-26,2014-09-30,Quarterly,0.274,0.274
VXUS,2014-06-24,2014-06-26,2014-06-30,Quarterly,0.604,0.604
VXUS,2014-03-25,2014-03-27,2014-03-31,Quarterly,0.367,0.367
VXUS,2013-12-20,2013-12-24,2013-12-27,Quarterly,0.458,0.458
VXUS,2013-09-23,2013-09-25,2013-09-27,Quarterly,0.23,0.23
VXUS,2013-06-24,2013-06-26,2013-06-28,Quarterly,0.599,0.599
VXUS,2013-03-22,2013-03-26,2013-03-28,Quarterly,0.125,0.125
VXUS,2012-12-20,2012-12-24,2012-12-27,Quarterly,0.636,0.636
VXUS,2012-09-24,2012-09-26,2012-09-28,Quarterly,0.757,0.757
VXUS,2011-12-21,2011-12-23,2011-12-28,Other,1.291,1.291
BND,2021-12-23,2021-12-27,2021-12-29,Monthly,0.2709,0.2709
BND,2021-12-01,2021-12-02,2021-12-06,Monthly,0.1349,0.1349
BND,2021-11-01,2021-11-02,2021-11-04,Monthly,0.134,0.134
BND,2021-10-01,2021-10-04,2021-10-06,Monthly,0.1302,0.1302
BND,2021-09-01,2021-09-02,2021-09-07,Monthly,0.135,0.135
BND,2021-08-02,2021-08-03,2021-08-05,Monthly,0.1361,0.1361
BND,2021-07-01,2021-07-02,2021-07-07,Monthly,0.1321,0.1321
BND,2021-06-01,2021-06-02,2021-06-04,Monthly,0.1345,0.1345
BND,2021-05-03,2021-05-04,2021-05-06,Monthly,0.1306,0.1306
BND,2021-04-01,2021-04-05,2021-04-07,Monthly,0.1925,0.1925
BND,2021-03-01,2021-03-02,2021-03-04,Monthly,0.1288,0.1288
BND,2021-02-01,2021-02-02,2021-02-04,Monthly,0.1392,0.1392
BND,2020-12-23,2020-12-24,2020-12-29,Monthly,0.2908,0.2908
BND,2020-12-01,2020-12-02,2020-12-04,Monthly,0.1432,0.1432
BND,2020-11-02,2020-11-03,2020-11-05,Monthly,0.151,0.151
BND,2020-10-01,2020-10-02,2020-10-06,Monthly,0.1503,0.1503
BND,2020-09-01,2020-09-02,2020-09-04,Monthly,0.1531,0.1531
BND,2020-08-03,2020-08-04,2020-08-06,Monthly,0.1587,0.1587
BND,2020-07-01,2020-07-02,2020-07-07,Monthly,0.1624,0.1624
BND,2020-06-01,2020-06-02,2020-06-04,Monthly,0.1687,0.1687
BND,2020-05-01,2020-05-04,2020-05-06,Monthly,0.1738,0.1738
BND,2020-04-01,2020-04-02,2020-04-06,Monthly,0.1905,0.1905
BND,2020-03-02,2020-03-03,2020-03-05,Monthly,0.1727,0.1727
BND,2020-02-03,2020-02-04,2020-02-06,Monthly,0.1825,0.1825
BND,2019-12-23,2019-12-24,2019-12-27,Monthly,0.1873,0.1873
BND,2019-12-02,2019-12-03,2019-12-05,Monthly,0.18,0.18
BND,2019-11-01,2019-11-04,2019-11-06,Monthly,0.1853,0.1853
BND,2019-10-01,2019-10-02,2019-10-04,Monthly,0.1817,0.1817
BND,2019-09-03,2019-09-04,2019-09-06,Monthly,0.1882,0.1882
BND,2019-08-01,2019-08-02,2019-08-06,Monthly,0.1934,0.1934
BND,2019-07-01,2019-07-02,2019-07-05,Monthly,0.1945,0.1945
BND,2019-06-03,2019-06-04,2019-06-06,Monthly,0.1935,0.1935
BND,2019-05-01,2019-05-02,2019-05-06,Monthly,0.1948,0.1948
BND,2019-04-01,2019-04-02,2019-04-04,Monthly,0.1996,0.1996
BND,2019-03-01,2019-03-04,2019-03-06,Monthly,0.1837,0.1837
BND,2019-02-01,2019-02-04,2019-02-06,Monthly,0.1983,0.1983
BND,2018-12-24,2018-12-26,2018-12-28,Monthly,0.1983,0.1983
BND,2018-12-03,2018-12-04,2018-12-06,Monthly,0.192,0.192
BND,2018-11-01,2018-11-02,2018-11-06,Monthly,0.1944,0.1944
BND,2018-10-01,2018-10-02,2018-10-04,Monthly,0.1834,0.1834
BND,2018-09-04,2018-09-05,2018-09-06,Monthly,0.1876,0.1876
BND,2018-08-01,2018-08-02,2018-08-06,Monthly,0.1869,0.1869
BND,2018-07-02,2018-07-03,2018-07-06,Monthly,0.181,0.181
BND,2018-06-01,2018-06-04,2018-06-06,Monthly,0.1846,0.1846
BND,2018-05-01,2018-05-02,2018-05-04,Monthly,0.1784,0.1784
BND,2018-04-02,2018-04-03,2018-04-05,Other,0.0192,0.0192
BND,2018-04-02,2018-04-03,2018-04-05,Monthly,0.181,0.181
BND,2018-03-01,2018-03-02,2018-03-06,Monthly,0.1653,0.1653
BND,2018-02-01,2018-02-02,2018-02-06,Monthly,0.1766,0.1766
BND,2017-12-26,2017-12-27,2017-12-29,Other,0.037,0.037
BND,2017-12-26,2017-12-27,2017-12-29,Monthly,0.1742,0.1742
BND,2017-12-01,2017-12-04,2017-12-06,Monthly,0.1684,0.1684
BND,2017-11-01,2017-11-02,2017-11-06,Monthly,0.1729,0.1729
BND,2017-10-02,2017-10-03,2017-10-05,Monthly,0.1682,0.1682
BND,2017-09-01,2017-09-06,2017-09-08,Monthly,0.1735,0.1735
BND,2017-08-01,2017-08-03,2017-08-07,Monthly,0.1711,0.1711
BND,2017-07-03,2017-07-06,2017-07-10,Monthly,0.1697,0.1697
BND,2017-06-01,2017-06-05,2017-06-07,Monthly,0.1722,0.1722
BND,2017-05-01,2017-05-03,2017-05-05,Monthly,0.1679,0.1679
BND,2017-04-03,2017-04-05,2017-04-07,Monthly,0.1736,0.1736
BND,2017-03-01,2017-03-03,2017-03-07,Monthly,0.1584,0.1584
BND,2017-02-01,2017-02-03,2017-02-07,Monthly,0.168,0.168
BND,2016-12-22,2016-12-27,2016-12-29,Other,0.0357,0.0357
BND,2016-12-22,2016-12-27,2016-12-29,Monthly,0.1698,0.1698
BND,2016-12-01,2016-12-05,2016-12-07,Monthly,0.1603,0.1603
BND,2016-11-01,2016-11-03,2016-11-07,Monthly,0.1625,0.1625
BND,2016-10-03,2016-10-05,2016-10-07,Monthly,0.1605,0.1605
BND,2016-09-01,2016-09-06,2016-09-08,Monthly,0.1659,0.1659
BND,2016-08-01,2016-08-03,2016-08-05,Monthly,0.1655,0.1655
BND,2016-07-01,2016-07-06,2016-07-08,Monthly,0.1644,0.1644
BND,2016-06-01,2016-06-03,2016-06-07,Monthly,0.1692,0.1692
BND,2016-05-02,2016-05-04,2016-05-06,Monthly,0.1641,0.1641
BND,2016-04-01,2016-04-05,2016-04-07,Monthly,0.1729,0.1729
BND,2016-03-01,2016-03-03,2016-03-07,Monthly,0.1655,0.1655
BND,2016-02-01,2016-02-03,2016-02-05,Monthly,0.1745,0.1745
BND,2015-12-23,2015-12-28,2015-12-30,Other,0.053,0.053
BND,2015-12-23,2015-12-28,2015-12-30,Monthly,0.1769,0.1769
BND,2015-12-01,2015-12-03,2015-12-07,Monthly,0.1669,0.1669
BND,2015-11-02,2015-11-04,2015-11-06,Monthly,0.1695,0.1695
BND,2015-10-01,2015-10-05,2015-10-07,Monthly,0.1642,0.1642
BND,2015-09-01,2015-09-03,2015-09-08,Monthly,0.1685,0.1685
BND,2015-08-03,2015-08-05,2015-08-07,Monthly,0.1688,0.1688
BND,2015-07-01,2015-07-06,2015-07-08,Monthly,0.1634,0.1634
BND,2015-06-01,2015-06-03,2015-06-05,Monthly,0.1663,0.1663
BND,2015-05-01,2015-05-05,2015-05-07,Monthly,0.1588,0.1588
BND,2015-04-01,2015-04-06,2015-04-08,Other,0.0251,0.0251
BND,2015-04-01,2015-04-06,2015-04-08,Monthly,0.1655,0.1655
BND,2015-03-02,2015-03-04,2015-03-06,Monthly,0.1619,0.1619
BND,2015-02-02,2015-02-04,2015-02-06,Monthly,0.1701,0.1701
BND,2014-12-23,2014-12-26,2014-12-30,Other,0.213,0.213
BND,2014-12-23,2014-12-26,2014-12-30,Monthly,0.1683,0.1683
BND,2014-12-01,2014-12-03,2014-12-05,Monthly,0.1664,0.1664
BND,2014-11-03,2014-11-05,2014-11-07,Monthly,0.1726,0.1726
BND,2014-10-01,2014-10-03,2014-10-07,Monthly,0.1612,0.1612
BND,2014-09-02,2014-09-04,2014-09-08,Monthly,0.1787,0.1787
BND,2014-08-01,2014-08-05,2014-08-07,Monthly,0.1716,0.1716
BND,2014-07-01,2014-07-03,2014-07-08,Monthly,0.1722,0.1722
BND,2014-06-02,2014-06-04,2014-06-06,Monthly,0.1786,0.1786
BND,2014-05-01,2014-05-05,2014-05-07,Monthly,0.1783,0.1783
BND,2014-04-01,2014-04-03,2014-04-07,Other,0.008,0.008
BND,2014-04-01,2014-04-03,2014-04-07,Monthly,0.1818,0.1818
BND,2014-03-03,2014-03-05,2014-03-07,Monthly,0.1721,0.1721
BND,2014-02-03,2014-02-05,2014-02-07,Monthly,0.1713,0.1713
BND,2013-12-24,2013-12-27,2013-12-31,Other,0.061,0.061
BND,2013-12-24,2013-12-27,2013-12-31,Monthly,0.1804,0.1804
BND,2013-12-02,2013-12-04,2013-12-06,Monthly,0.1753,0.1753
BND,2013-11-01,2013-11-05,2013-11-07,Monthly,0.1807,0.1807
BND,2013-10-01,2013-10-03,2013-10-07,Monthly,0.1723,0.1723
BND,2013-09-03,2013-09-05,2013-09-09,Monthly,0.1714,0.1714
BND,2013-08-01,2013-08-05,2013-08-07,Monthly,0.1659,0.1659
BND,2013-07-01,2013-07-03,2013-07-08,Monthly,0.1669,0.1669
BND,2013-06-03,2013-06-05,2013-06-07,Monthly,0.1647,0.1647
BND,2013-05-01,2013-05-03,2013-05-07,Monthly,0.162,0.162
BND,2013-04-01,2013-04-03,2013-04-05,Other,0.137,0.137
BND,2013-04-01,2013-04-03,2013-04-05,Monthly,0.1693,0.1693
BND,2013-03-01,2013-03-05,2013-03-07,Monthly,0.1558,0.1558
BND,2013-02-01,2013-02-05,2013-02-07,Monthly,0.1665,0.1665
BND,2012-12-24,2012-12-27,2012-12-31,Other,0.425,0.425
BND,2012-12-24,2012-12-27,2012-12-31,Monthly,0.1677,0.1677
BND,2012-12-03,2012-12-05,2012-12-07,Monthly,0.1672,0.1672
BND,2012-11-01,2012-11-05,2012-11-07,Monthly,0.1785,0.1785
BND,2012-10-01,2012-10-03,2012-10-05,Monthly,0.1745,0.1745
BND,2012-09-04,2012-09-06,2012-09-10,Monthly,0.1838,0.1838
BND,2012-08-01,2012-08-03,2012-08-07,Monthly,0.1872,0.1872
BND,2012-07-02,2012-07-05,2012-07-09,Monthly,0.1873,0.1873
BND,2012-06-01,2012-06-05,2012-06-07,Monthly,0.186,0.186
BND,2012-05-01,2012-05-03,2012-05-07,Monthly,0.1901,0.1901
BND,2012-04-02,2012-04-04,2012-04-09,Other,0.076,0.076
BND,2012-04-02,2012-04-04,2012-04-09,Monthly,0.1998,0.1998
BND,2012-03-01,2012-03-05,2012-03-07,Monthly,0.1954,0.1954
BND,2012-02-01,2012-02-03,2012-02-07,Monthly,0.2042,0.2042
BND,2011-12-23,2011-12-28,2011-12-30,Other,0.387,0.387
BND,2011-12-23,2011-12-28,2011-12-30,Monthly,0.2091,0.2091
BND,2011-12-01,2011-12-05,2011-12-07,Monthly,0.2034,0.2034
BND,2011-11-01,2011-11-03,2011-11-07,Monthly,0.21,0.21
BND,2011-10-03,2011-10-05,2011-10-07,Monthly,0.2137,0.2137
BND,2011-09-01,2011-09-06,2011-09-08,Monthly,0.2131,0.2131
BND,2011-08-01,2011-08-03,2011-08-05,Monthly,0.2208,0.2208
BND,2011-07-01,2011-07-06,2011-07-08,Monthly,0.2172,0.2172
BND,2011-06-01,2011-06-03,2011-06-07,Monthly,0.2239,0.2239
BND,2011-05-02,2011-05-04,2011-05-06,Monthly,0.2226,0.2226
BND,2011-04-01,2011-04-05,2011-04-07,Monthly,0.2278,0.2278
BND,2011-03-01,2011-03-03,2011-03-07,Monthly,0.2115,0.2115
BND,2011-02-01,2011-02-03,2011-02-07,Monthly,0.2251,0.2251
BND,2010-12-27,2010-12-29,2010-12-31,Other,0.356,0.356
BND,2010-12-27,2010-12-29,2010-12-31,Monthly,0.2268,0.2268
BND,2010-12-01,2010-12-03,2010-12-07,Monthly,0.2197,0.2197
BND,2010-11-01,2010-11-03,2010-11-05,Monthly,0.2281,0.2281
BND,2010-10-01,2010-10-05,2010-10-07,Monthly,0.2231,0.2231
BND,2010-09-01,2010-09-03,2010-09-08,Monthly,0.226,0.226
BND,2010-08-02,2010-08-04,2010-08-06,Monthly,0.2324,0.2324
BND,2010-07-01,2010-07-06,2010-07-08,Monthly,0.2295,0.2295
BND,2010-06-01,2010-06-03,2010-06-07,Monthly,0.2441,0.2441
BND,2010-05-03,2010-05-05,2010-05-07,Monthly,0.2365,0.2365
BND,2010-04-01,2010-04-06,2010-04-08,Monthly,0.2446,0.2446
BND,2010-03-01,2010-03-03,2010-03-05,Monthly,0.2335,0.2335
BND,2010-02-01,2010-02-03,2010-02-05,Monthly,0.2485,0.2485
BND,2009-12-28,2009-12-29,2009-12-31,Monthly,0.2552,0.2552
BND,2009-12-01,2009-12-03,2009-12-07,Monthly,0.2445,0.2445
BND,2009-11-02,2009-11-04,2009-11-06,Monthly,0.2532,0.2532
BND,2009-10-01,2009-10-05,2009-10-07,Monthly,0.2477,0.2477
BND,2009-09-01,2009-09-03,2009-09-08,Monthly,0.2608,0.2608
BND,2009-08-03,2009-08-05,2009-08-07,Monthly,0.26,0.26
BND,2009-07-01,2009-07-06,2009-07-08,Monthly,0.2639,0.2639
BND,2009-06-01,2009-06-03,2009-06-05,Monthly,0.2675,0.2675
BND,2009-05-01,2009-05-05,2009-05-07,Monthly,0.2679,0.2679
BND,2009-04-01,2009-04-03,2009-04-07,Monthly,0.2776,0.2776
BND,2009-03-02,2009-03-04,2009-03-06,Monthly,0.2749,0.2749
BND,2009-02-02,2009-02-04,2009-02-06,Monthly,0.2894,0.2894
BND,2008-12-24,2008-12-29,2008-12-31,Monthly,0.294,0.294
BND,2008-12-01,2008-12-03,2008-12-05,Monthly,0.2964,0.2964
BND,2008-11-03,2008-11-05,2008-11-07,Monthly,0.2999,0.2999
BND,2008-10-01,2008-10-03,2008-10-07,Monthly,0.2687,0.2687
BND,2008-09-02,2008-09-04,2008-09-08,Monthly,0.2883,0.2883
BND,2008-08-01,2008-08-05,2008-08-07,Monthly,0.304,0.304
BND,2008-07-01,2008-07-03,2008-07-08,Monthly,0.2958,0.2958
BND,2008-06-02,2008-06-04,2008-06-06,Monthly,0.2818,0.2818
BND,2008-05-01,2008-05-05,2008-05-07,Monthly,0.3025,0.3025
BND,2008-04-01,2008-04-03,2008-04-07,Monthly,0.3013,0.3013
BND,2008-03-03,2008-03-05,2008-03-07,Monthly,0.2915,0.2915
BND,2008-02-01,2008-02-05,2008-02-07,Monthly,0.3004,0.3004
BND,2007-12-24,2007-12-27,2007-12-31,Monthly,0.2609,0.2609
BND,2007-12-03,2007-12-05,2007-12-07,Monthly,0.3068,0.3068
BND,2007-11-01,2007-11-05,2007-11-07,Monthly,0.2845,0.2845
BND,2007-10-01,2007-10-03,2007-10-05,Monthly,0.2827,0.2827
BND,2007-09-04,2007-09-06,2007-09-10,Monthly,0.2941,0.2941
BND,2007-08-01,2007-08-03,2007-08-07,Monthly,0.3036,0.3036
BND,2007-07-02,2007-07-05,2007-07-09,Monthly,0.2335,0.2335
BND,2007-06-01,2007-06-05,2007-06-07,Monthly,0.2576,0.2576
BND,2007-05-01,2007-05-03,2007-05-07,Other,0.127,0.127
VB,2021-12-27,2021-12-28,2021-12-30,Quarterly,1.0908,1.0908
VB,2021-09-24,2021-09-27,2021-09-29,Quarterly,0.5862,0.5862
VB,2021-06-24,2021-06-25,2021-06-29,Quarterly,0.5554,0.5554
VB,2021-03-25,2021-03-26,2021-03-30,Quarterly,0.5632,0.5632
VB,2020-12-24,2020-12-28,2020-12-30,Quarterly,0.8934,0.8934
VB,2020-09-25,2020-09-28,2020-09-30,Quarterly,0.5446,0.5446
VB,2020-06-25,2020-06-26,2020-06-30,Quarterly,0.3197,0.3197
VB,2020-03-10,2020-03-11,2020-03-13,Quarterly,0.4673,0.4673
VB,2019-12-24,2019-12-26,2019-12-30,Quarterly,0.8928,0.8928
VB,2019-09-16,2019-09-17,2019-09-19,Quarterly,0.4507,0.4507
VB,2019-06-27,2019-06-28,2019-07-02,Quarterly,0.4847,0.4847
VB,2019-03-28,2019-03-29,2019-04-02,Quarterly,0.4766,0.4766
VB,2018-12-24,2018-12-26,2018-12-28,Quarterly,0.7174,0.7174
VB,2018-09-28,2018-10-01,2018-10-03,Quarterly,0.6463,0.6463
VB,2018-06-22,2018-06-25,2018-06-27,Quarterly,0.3823,0.3823
VB,2018-03-22,2018-03-23,2018-03-27,Quarterly,0.4552,0.4552
VB,2017-12-21,2017-12-22,2017-12-27,Quarterly,0.775,0.775
VB,2017-09-20,2017-09-21,2017-09-25,Quarterly,0.533,0.533
VB,2017-06-21,2017-06-23,2017-06-27,Quarterly,0.263,0.263
VB,2017-03-24,2017-03-28,2017-03-30,Quarterly,0.424,0.424
VB,2016-12-22,2016-12-27,2016-12-29,Quarterly,0.749,0.749
VB,2016-09-20,2016-09-22,2016-09-26,Quarterly,0.572,0.572
VB,2016-06-14,2016-06-16,2016-06-20,Quarterly,0.304,0.304
VB,2016-03-15,2016-03-17,2016-03-21,Quarterly,0.305,0.305
VB,2015-12-23,2015-12-28,2015-12-30,Quarterly,0.626,0.626
VB,2015-09-25,2015-09-29,2015-10-01,Quarterly,0.959,0.959
VB,2015-03-25,2015-03-27,2015-03-31,Other,0.052,0.052
VB,2014-12-22,2014-12-24,2014-12-29,Annual,1.664,1.664
VB,2014-03-25,2014-03-27,2014-03-31,Other,0.009,0.009
VB,2013-12-24,2013-12-27,2013-12-31,Annual,1.422,1.422
VB,2013-03-20,2013-03-22,2013-03-26,Other,0.017,0.017
VB,2012-12-24,2012-12-27,2012-12-31,Annual,1.485,1.485
VB,2012-03-22,2012-03-26,2012-03-28,Other,0.019,0.019
VB,2011-12-23,2011-12-28,2011-12-30,Annual,0.94,0.94
VB,2011-03-23,2011-03-25,2011-03-29,Other,0.006,0.006
VB,2010-12-27,2010-12-29,2010-12-31,Annual,0.837,0.837
VB,2010-03-23,2010-03-25,2010-03-29,Other,0.009,0.009
VB,2009-12-24,2009-12-29,2009-12-31,Annual,0.637,0.637
VB,2009-03-23,2009-03-25,2009-03-27,Other,0.021,0.021
VB,2008-12-24,2008-12-29,2008-12-31,Annual,0.894,0.894
VB,2008-03-12,2008-03-14,2008-03-18,Other,0.024,0.024
VB,2007-12-20,2007-12-24,2007-12-27,Annual,0.942,0.942
VB,2007-03-22,2007-03-26,2007-03-28,Other,0.014,0.014
VB,2006-12-22,2006-12-27,2006-12-29,Annual,0.825,0.825
VB,2006-03-20,2006-03-22,2006-03-29,Other,0.01,0.01
VB,2005-12-27,2005-12-29,2006-01-09,Annual,0.678,0.678
VB,2005-03-21,2005-03-23,2005-04-01,Annual,0.005,0.005
VB,2004-12-27,2004-12-29,2005-01-06,Other,0.621,0.621
VBR,2021-12-27,2021-12-28,2021-12-30,Quarterly,1.1822,1.1822
VBR,2021-09-24,2021-09-27,2021-09-29,Quarterly,0.6616,0.6616
VBR,2021-06-24,2021-06-25,2021-06-29,Quarterly,0.6505,0.6505
VBR,2021-03-25,2021-03-26,2021-03-30,Quarterly,0.6362,0.6362
VBR,2020-12-24,2020-12-28,2020-12-30,Quarterly,0.8762,0.8762
VBR,2020-09-25,2020-09-28,2020-09-30,Quarterly,0.6197,0.6197
VBR,2020-06-25,2020-06-26,2020-06-30,Quarterly,0.4925,0.4925
VBR,2020-03-10,2020-03-11,2020-03-13,Quarterly,0.3999,0.3999
VBR,2019-12-24,2019-12-26,2019-12-30,Quarterly,1.0157,1.0157
VBR,2019-09-16,2019-09-17,2019-09-19,Quarterly,0.4779,0.4779
VBR,2019-06-27,2019-06-28,2019-07-02,Quarterly,0.7407,0.7407
VBR,2019-03-28,2019-03-29,2019-04-02,Quarterly,0.5895,0.5895
VBR,2018-12-24,2018-12-26,2018-12-28,Quarterly,0.8165,0.8165
VBR,2018-09-28,2018-10-01,2018-10-03,Quarterly,0.7826,0.7826
VBR,2018-06-22,2018-06-25,2018-06-27,Quarterly,0.5126,0.5126
VBR,2018-03-22,2018-03-23,2018-03-27,Quarterly,0.566,0.566
VBR,2017-12-21,2017-12-22,2017-12-27,Quarterly,0.8621,0.8621
VBR,2017-09-27,2017-09-28,2017-10-02,Quarterly,0.617,0.617
VBR,2017-06-28,2017-06-30,2017-07-05,Quarterly,0.42,0.42
VBR,2017-03-24,2017-03-28,2017-03-30,Quarterly,0.477,0.477
VBR,2016-12-22,2016-12-27,2016-12-29,Quarterly,0.796,0.796
VBR,2016-09-20,2016-09-22,2016-09-26,Quarterly,0.655,0.655
VBR,2016-06-14,2016-06-16,2016-06-20,Quarterly,0.32,0.32
VBR,2016-03-15,2016-03-17,2016-03-21,Quarterly,0.367,0.367
VBR,2015-12-23,2015-12-28,2015-12-30,Quarterly,0.744,0.744
VBR,2015-09-25,2015-09-29,2015-10-01,Quarterly,1.143,1.143
VBR,2015-03-25,2015-03-27,2015-03-31,Annual,0.076,0.076
VBR,2014-12-22,2014-12-24,2014-12-29,Annual,1.845,1.845
VBR,2014-03-25,2014-03-27,2014-03-31,Other,0.024,0.024
VBR,2013-12-24,2013-12-27,2013-12-31,Annual,1.797,1.797
VBR,2013-03-20,2013-03-22,2013-03-26,Other,0.021,0.021
VBR,2012-12-24,2012-12-27,2012-12-31,Annual,1.874,1.874
VBR,3/22/2012,2012-03-26,2012-03-28,Other,0.029,0.029
VBR,12/23/2011,2011-12-28,2011-12-30,Annual,1.372,1.372
VBR,3/23/2011,2011-03-25,2011-03-29,Other,0.008,0.008
VBR,12/27/2010,2010-12-29,2010-12-31,Annual,1.27,1.27
VBR,3/23/2010,2010-03-25,2010-03-29,Other,0.029,0.029
VBR,12/24/2009,2009-12-29,2009-12-31,Annual,1.051,1.051
VBR,3/23/2009,2009-03-25,2009-03-27,Other,0.033,0.033
VBR,12/24/2008,2008-12-29,2008-12-31,Annual,1.267,1.267
VBR,3/12/2008,2008-03-14,2008-03-18,Other,0.046,0.046
VBR,12/20/2007,2007-12-24,2007-12-27,Annual,1.509,1.509
VBR,3/22/2007,2007-03-26,2007-03-28,Other,0.058,0.058
VBR,12/22/2006,2006-12-27,2006-12-29,Annual,1.331,1.331
VBR,3/20/2006,2006-03-22,2006-03-29,Other,0.04,0.04
VBR,12/27/2005,2005-12-29,2006-01-09,Annual,1.159,1.159
VBR,3/21/2005,2005-03-23,2005-04-01,Annual,0.008,0.008
VBR,12/27/2004,2004-12-29,2005-01-06,Other,0.968,0.968